{"epoch": 99, "loss": 510720096.0, "mae": 13437.869140625, "val_loss": 2195506688.0, "val_mae": 21443.091796875, "_runtime": 44, "_timestamp": 1644826880, "_step": 99, "best_val_loss": 2195506688.0, "best_epoch": 99, "_wandb": {"runtime": 42}}